State_Name,District_Name
Uttarakhand,BAGESHWAR
Jharkhand,RANCHI
Kerala,KOLLAM
Madhya Pradesh,BHIND
Maharashtra,NASHIK
Tamil Nadu,THANJAVUR
Uttarakhand,UTTAR KASHI
West Bengal,DINAJPUR UTTAR
Arunachal Pradesh,EAST SIANG
Odisha,RAYAGADA
Maharashtra,RATNAGIRI
Haryana,KAITHAL
Jharkhand,SAHEBGANJ
Karnataka,UDUPI
Assam,HAILAKANDI
West Bengal,PURULIA
Uttar Pradesh,BARABANKI
Uttar Pradesh,SANT RAVIDAS NAGAR
Maharashtra,THANE
Bihar,SAMASTIPUR
Andhra Pradesh,VIZIANAGARAM
Punjab,FATEHGARH SAHIB
Uttar Pradesh,UNNAO
Kerala,WAYANAD
Bihar,MUNGER
Odisha,ANUGUL
Bihar,PURNIA
West Bengal,MEDINIPUR WEST
Uttar Pradesh,AZAMGARH
Uttar Pradesh,MIRZAPUR
Karnataka,HAVERI
West Bengal,NADIA
Karnataka,RAICHUR
Odisha,KHORDHA
Karnataka,YADGIR
Odisha,SAMBALPUR
Tamil Nadu,MADURAI
Tripura,SEPAHIJALA
Gujarat,BHAVNAGAR
Arunachal Pradesh,UPPER SIANG
Odisha,MAYURBHANJ
Karnataka,CHIKMAGALUR
Andhra Pradesh,ANANTAPUR
Assam,SONITPUR
Chhattisgarh,BALRAMPUR
Rajasthan,BHILWARA
Sikkim,NORTH DISTRICT
Odisha,KALAHANDI
Gujarat,KACHCHH
Bihar,SHEOHAR
Maharashtra,KOLHAPUR
West Bengal,MALDAH
Chhattisgarh,DURG
Rajasthan,JAISALMER
Jammu and Kashmir,ANANTNAG
Karnataka,KOLAR
Maharashtra,AHMEDNAGAR
Telangana,HYDERABAD
Chhattisgarh,KABIRDHAM
Rajasthan,PALI
Haryana,MAHENDRAGARH
Madhya Pradesh,GWALIOR
Bihar,DARBHANGA
Karnataka,CHITRADURGA
Uttarakhand,PAURI GARHWAL
Odisha,JHARSUGUDA
Bihar,KAIMUR (BHABUA)
Assam,SIVASAGAR
Uttarakhand,NAINITAL
Gujarat,KHEDA
Mizoram,LUNGLEI
Maharashtra,SINDHUDURG
Rajasthan,JAIPUR
Uttar Pradesh,MORADABAD
Odisha,BHADRAK
Rajasthan,DAUSA
Kerala,KOZHIKODE
Uttar Pradesh,DEORIA
Uttar Pradesh,SHAMLI
Jammu and Kashmir,RAJAURI
Haryana,SIRSA
Gujarat,JUNAGADH
Jharkhand,KODERMA
Meghalaya,SOUTH GARO HILLS
Rajasthan,NAGAUR
Madhya Pradesh,SEONI
Jammu and Kashmir,KUPWARA
Uttar Pradesh,ALIGARH
Assam,KOKRAJHAR
Tamil Nadu,VIRUDHUNAGAR
Kerala,THIRUVANANTHAPURAM
Andhra Pradesh,SRIKAKULAM
Jammu and Kashmir,JAMMU
Meghalaya,NORTH GARO HILLS
Arunachal Pradesh,LOWER SUBANSIRI
Tamil Nadu,THIRUVARUR
West Bengal,MEDINIPUR EAST
Rajasthan,GANGANAGAR
Uttar Pradesh,LUCKNOW
Rajasthan,BHARATPUR
Maharashtra,BEED
Bihar,MADHEPURA
Madhya Pradesh,UMARIA
Arunachal Pradesh,LOHIT
Goa,SOUTH GOA
Uttar Pradesh,JALAUN
Bihar,SITAMARHI
Karnataka,BANGALORE RURAL
Karnataka,GADAG
Assam,NAGAON
Jharkhand,JAMTARA
Assam,TINSUKIA
Jammu and Kashmir,SRINAGAR
Rajasthan,BUNDI
Mizoram,LAWNGTLAI
Andaman and Nicobar Islands,SOUTH ANDAMANS
Tripura,WEST TRIPURA
Himachal Pradesh,SHIMLA
Puducherry,MAHE
Uttar Pradesh,KANPUR NAGAR
Jammu and Kashmir,BARAMULLA
Uttar Pradesh,RAE BARELI
Uttar Pradesh,AMETHI
Bihar,SAHARSA
Madhya Pradesh,BHOPAL
Madhya Pradesh,UJJAIN
Odisha,GAJAPATI
Telangana,NALGONDA
Karnataka,SHIMOGA
Haryana,SONIPAT
Maharashtra,WASHIM
Chhattisgarh,BEMETARA
Nagaland,TUENSANG
Himachal Pradesh,UNA
Assam,BAKSA
Uttar Pradesh,JAUNPUR
Uttar Pradesh,FATEHPUR
Tamil Nadu,TIRUNELVELI
Jammu and Kashmir,REASI
Odisha,BARGARH
Chhattisgarh,MUNGELI
Uttar Pradesh,KHERI
Madhya Pradesh,HARDA
Uttar Pradesh,JHANSI
Telangana,MAHBUBNAGAR
Uttar Pradesh,SITAPUR
Madhya Pradesh,RAISEN
Arunachal Pradesh,UPPER SUBANSIRI
Bihar,KATIHAR
Gujarat,NARMADA
Rajasthan,ALWAR
Tamil Nadu,ARIYALUR
Uttar Pradesh,SAMBHAL
Madhya Pradesh,ALIRAJPUR
Andhra Pradesh,WEST GODAVARI
Karnataka,HASSAN
Madhya Pradesh,BARWANI
Punjab,MANSA
Uttar Pradesh,SANT KABEER NAGAR
Tripura,SOUTH TRIPURA
Tripura,UNAKOTI
Andhra Pradesh,SPSR NELLORE
West Bengal,HOOGHLY
West Bengal,BANKURA
Odisha,JAGATSINGHAPUR
Meghalaya,WEST JAINTIA HILLS
Tamil Nadu,THIRUVALLUR
Mizoram,SERCHHIP
Odisha,KENDRAPARA
Jharkhand,DEOGHAR
Bihar,BHAGALPUR
Andhra Pradesh,VISAKHAPATANAM
Gujarat,TAPI
Assam,GOALPARA
Uttar Pradesh,MUZAFFARNAGAR
Karnataka,TUMKUR
Madhya Pradesh,DHAR
Jammu and Kashmir,RAMBAN
Punjab,BARNALA
Jharkhand,PAKUR
Bihar,SUPAUL
Maharashtra,AMRAVATI
Rajasthan,DHOLPUR
Sikkim,SOUTH DISTRICT
Uttar Pradesh,GORAKHPUR
Maharashtra,PARBHANI
Mizoram,CHAMPHAI
Jharkhand,SARAIKELA KHARSAWAN
Karnataka,UTTAR KANNAD
Jharkhand,GIRIDIH
Odisha,NAYAGARH
Haryana,BHIWANI
Punjab,GURDASPUR
Assam,BARPETA
Tamil Nadu,DINDIGUL
Maharashtra,DHULE
Chandigarh,CHANDIGARH
Bihar,GAYA
Andhra Pradesh,KURNOOL
Karnataka,MYSORE
Madhya Pradesh,GUNA
Assam,CHIRANG
Kerala,ERNAKULAM
Uttarakhand,UDAM SINGH NAGAR
Gujarat,NAVSARI
Assam,DHEMAJI
Uttar Pradesh,BANDA
Tamil Nadu,KANCHIPURAM
Andhra Pradesh,GUNTUR
Chhattisgarh,SURAJPUR
Bihar,SIWAN
Meghalaya,SOUTH WEST KHASI HILLS
Uttarakhand,ALMORA
Nagaland,WOKHA
Madhya Pradesh,MORENA
Rajasthan,UDAIPUR
Rajasthan,KARAULI
Odisha,NABARANGPUR
Haryana,REWARI
Madhya Pradesh,ASHOKNAGAR
Uttarakhand,HARIDWAR
Arunachal Pradesh,ANJAW
Chhattisgarh,BASTAR
Uttar Pradesh,PILIBHIT
Tamil Nadu,TIRUVANNAMALAI
Karnataka,BENGALURU URBAN
Jharkhand,LOHARDAGA
Uttar Pradesh,GONDA
West Bengal,DINAJPUR DAKSHIN
West Bengal,BARDHAMAN
Andhra Pradesh,EAST GODAVARI
Himachal Pradesh,LAHUL AND SPITI
Nagaland,ZUNHEBOTO
Tamil Nadu,PUDUKKOTTAI
Uttar Pradesh,FAIZABAD
Chhattisgarh,KORBA
Chhattisgarh,BIJAPUR
Madhya Pradesh,BALAGHAT
Haryana,PANIPAT
Madhya Pradesh,INDORE
Nagaland,MON
Gujarat,SABAR KANTHA
Madhya Pradesh,KHANDWA
Uttar Pradesh,HATHRAS
Karnataka,GULBARGA
Jammu and Kashmir,SHOPIAN
West Bengal,COOCHBEHAR
Jharkhand,RAMGARH
Goa,NORTH GOA
Dadra and Nagar Haveli,DADRA AND NAGAR HAVELI
Punjab,SANGRUR
Jharkhand,KHUNTI
Bihar,JEHANABAD
Jammu and Kashmir,KARGIL
Uttar Pradesh,KASGANJ
Uttar Pradesh,MAHARAJGANJ
Uttar Pradesh,CHANDAULI
Odisha,KENDUJHAR
Rajasthan,SIKAR
Kerala,ALAPPUZHA
Tamil Nadu,VILLUPURAM
Madhya Pradesh,PANNA
Uttar Pradesh,BULANDSHAHR
Maharashtra,SANGLI
Jammu and Kashmir,SAMBA
Madhya Pradesh,BURHANPUR
Odisha,BALANGIR
Sikkim,EAST DISTRICT
Chhattisgarh,JASHPUR
Uttar Pradesh,AURAIYA
Andaman and Nicobar Islands,NORTH AND MIDDLE ANDAMAN
West Bengal,DARJEELING
Gujarat,AHMADABAD
Maharashtra,BULDHANA
Manipur,IMPHAL WEST
Assam,KAMRUP
Karnataka,BELLARY
Odisha,DHENKANAL
Uttar Pradesh,BALLIA
Gujarat,VADODARA
Jammu and Kashmir,PULWAMA
Jharkhand,LATEHAR
Telangana,MEDAK
Kerala,KASARAGOD
Telangana,KHAMMAM
Nagaland,MOKOKCHUNG
Jharkhand,WEST SINGHBHUM
Maharashtra,OSMANABAD
Madhya Pradesh,VIDISHA
Uttar Pradesh,BAGHPAT
Rajasthan,JALORE
Bihar,JAMUI
Uttar Pradesh,PRATAPGARH
Meghalaya,SOUTH WEST GARO HILLS
Tripura,GOMATI
Chhattisgarh,KONDAGAON
Telangana,KARIMNAGAR
Arunachal Pradesh,LONGDING
Bihar,AURANGABAD
Uttarakhand,RUDRA PRAYAG
Haryana,AMBALA
Tamil Nadu,KRISHNAGIRI
Karnataka,KODAGU
Bihar,PATNA
Maharashtra,HINGOLI
Meghalaya,WEST KHASI HILLS
Gujarat,GANDHINAGAR
Himachal Pradesh,KULLU
Uttar Pradesh,MAU
Gujarat,AMRELI
Kerala,IDUKKI
Kerala,THRISSUR
Rajasthan,JODHPUR
Assam,GOLAGHAT
Tamil Nadu,NAGAPATTINAM
Gujarat,SURENDRANAGAR
Punjab,JALANDHAR
Madhya Pradesh,AGAR MALWA
Puducherry,YANAM
Karnataka,BIDAR
Arunachal Pradesh,PAPUM PARE
Karnataka,CHIKBALLAPUR
Odisha,JAJAPUR
Chhattisgarh,BALOD
Assam,KARIMGANJ
Himachal Pradesh,SIRMAUR
Tamil Nadu,COIMBATORE
Assam,MARIGAON
Arunachal Pradesh,CHANGLANG
Haryana,GURGAON
Haryana,PANCHKULA
Manipur,TAMENGLONG
Arunachal Pradesh,EAST KAMENG
Nagaland,KIPHIRE
Jammu and Kashmir,KULGAM
Odisha,BALESHWAR
Madhya Pradesh,JABALPUR
Gujarat,SURAT
Nagaland,KOHIMA
Punjab,FIROZEPUR
Uttar Pradesh,KAUSHAMBI
Mizoram,MAMIT
Tripura,NORTH TRIPURA
Uttar Pradesh,KANNAUJ
Tripura,KHOWAI
Assam,BONGAIGAON
Jammu and Kashmir,GANDERBAL
Bihar,KHAGARIA
Uttar Pradesh,HAMIRPUR
Haryana,HISAR
Andhra Pradesh,CHITTOOR
Madhya Pradesh,CHHINDWARA
Chhattisgarh,JANJGIR-CHAMPA
Jammu and Kashmir,DODA
Gujarat,RAJKOT
Maharashtra,LATUR
Maharashtra,NANDED
Jharkhand,CHATRA
West Bengal,JALPAIGURI
Maharashtra,AKOLA
Assam,LAKHIMPUR
Bihar,PASHCHIM CHAMPARAN
Karnataka,MANDYA
Bihar,ARWAL
Bihar,KISHANGANJ
Madhya Pradesh,JHABUA
Madhya Pradesh,SHIVPURI
West Bengal,BIRBHUM
Odisha,MALKANGIRI
Madhya Pradesh,SINGRAULI
Jharkhand,HAZARIBAGH
Rajasthan,KOTA
Maharashtra,YAVATMAL
Jharkhand,BOKARO
Karnataka,DAKSHIN KANNAD
Bihar,MADHUBANI
Maharashtra,PALGHAR
Gujarat,MAHESANA
Nagaland,LONGLENG
Madhya Pradesh,ANUPPUR
Maharashtra,WARDHA
Tamil Nadu,CUDDALORE
Madhya Pradesh,KATNI
Punjab,KAPURTHALA
Punjab,RUPNAGAR
Uttarakhand,CHAMOLI
Assam,DIBRUGARH
Himachal Pradesh,BILASPUR
Jammu and Kashmir,LEH LADAKH
Punjab,S.A.S NAGAR
Kerala,KANNUR
Punjab,TARN TARAN
Rajasthan,DUNGARPUR
Karnataka,DAVANGERE
Uttar Pradesh,GHAZIABAD
Rajasthan,BARAN
Madhya Pradesh,MANDLA
Uttar Pradesh,LALITPUR
Rajasthan,RAJSAMAND
Chhattisgarh,SURGUJA
Uttar Pradesh,CHITRAKOOT
Rajasthan,SIROHI
Telangana,WARANGAL
Uttar Pradesh,SIDDHARTH NAGAR
Chhattisgarh,RAIGARH
Uttar Pradesh,SHAHJAHANPUR
Madhya Pradesh,SHAJAPUR
Haryana,JIND
Bihar,ROHTAS
Madhya Pradesh,NEEMUCH
Arunachal Pradesh,WEST KAMENG
Assam,UDALGURI
Telangana,NIZAMABAD
Gujarat,BHARUCH
Manipur,IMPHAL EAST
Arunachal Pradesh,TIRAP
Bihar,BANKA
Haryana,KURUKSHETRA
Punjab,HOSHIARPUR
Kerala,PALAKKAD
Nagaland,PEREN
Madhya Pradesh,DAMOH
Gujarat,DOHAD
Jammu and Kashmir,BADGAM
Mizoram,SAIHA
Tamil Nadu,TIRUPPUR
Uttar Pradesh,BALRAMPUR
Himachal Pradesh,MANDI
Chhattisgarh,MAHASAMUND
Tamil Nadu,RAMANATHAPURAM
Punjab,BATHINDA
Madhya Pradesh,BETUL
Madhya Pradesh,RAJGARH
Maharashtra,PUNE
Puducherry,PONDICHERRY
Andhra Pradesh,KADAPA
Haryana,ROHTAK
Tamil Nadu,ERODE
Gujarat,JAMNAGAR
Rajasthan,JHUNJHUNU
Mizoram,AIZAWL
West Bengal,24 PARAGANAS NORTH
Bihar,PURBI CHAMPARAN
Gujarat,PORBANDAR
Andaman and Nicobar Islands,NICOBARS
Madhya Pradesh,REWA
Bihar,SHEIKHPURA
Punjab,PATIALA
Chhattisgarh,KOREA
Punjab,MOGA
Maharashtra,MUMBAI
Odisha,PURI
Chhattisgarh,RAJNANDGAON
Madhya Pradesh,SHAHDOL
Telangana,ADILABAD
Jharkhand,GODDA
Manipur,BISHNUPUR
Uttar Pradesh,HARDOI
Uttar Pradesh,FIROZABAD
Chhattisgarh,RAIPUR
Manipur,THOUBAL
Assam,DARRANG
Gujarat,VALSAD
Arunachal Pradesh,TAWANG
Madhya Pradesh,MANDSAUR
Odisha,SUNDARGARH
Rajasthan,PRATAPGARH
Assam,NALBARI
Bihar,BEGUSARAI
Madhya Pradesh,DINDORI
Uttar Pradesh,SONBHADRA
Bihar,NAWADA
Andhra Pradesh,KRISHNA
Madhya Pradesh,DEWAS
Maharashtra,AURANGABAD
Chhattisgarh,NARAYANPUR
Tripura,DHALAI
Uttar Pradesh,SAHARANPUR
Jharkhand,DUMKA
Meghalaya,EAST JAINTIA HILLS
Nagaland,DIMAPUR
Uttar Pradesh,BASTI
Bihar,LAKHISARAI
Karnataka,KOPPAL
Arunachal Pradesh,NAMSAI
Uttar Pradesh,ETAWAH
Madhya Pradesh,SHEOPUR
Uttar Pradesh,SULTANPUR
Chhattisgarh,DHAMTARI
Manipur,CHURACHANDPUR
Andhra Pradesh,PRAKASAM
Uttar Pradesh,SHRAVASTI
Chhattisgarh,SUKMA
Gujarat,ANAND
Telangana,RANGAREDDI
Odisha,DEOGARH
Tamil Nadu,PERAMBALUR
Rajasthan,BIKANER
Uttarakhand,CHAMPAWAT
Madhya Pradesh,RATLAM
West Bengal,24 PARAGANAS SOUTH
Maharashtra,NAGPUR
Uttar Pradesh,MAHOBA
Meghalaya,EAST GARO HILLS
Tamil Nadu,KARUR
Tamil Nadu,VELLORE
Manipur,CHANDEL
Meghalaya,EAST KHASI HILLS
Maharashtra,NANDURBAR
Bihar,SARAN
Himachal Pradesh,CHAMBA
Uttar Pradesh,FARRUKHABAD
Jharkhand,DHANBAD
Punjab,FARIDKOT
Tamil Nadu,SIVAGANGA
Arunachal Pradesh,LOWER DIBANG VALLEY
Himachal Pradesh,SOLAN
Bihar,NALANDA
Mizoram,KOLASIB
Uttar Pradesh,HAPUR
Assam,DIMA HASAO
Maharashtra,CHANDRAPUR
Jammu and Kashmir,POONCH
Sikkim,WEST DISTRICT
Maharashtra,SOLAPUR
Rajasthan,CHURU
Punjab,LUDHIANA
Tamil Nadu,THENI
Madhya Pradesh,KHARGONE
Tamil Nadu,KANNIYAKUMARI
Uttar Pradesh,BAHRAICH
Bihar,BHOJPUR
Puducherry,KARAIKAL
Punjab,AMRITSAR
Karnataka,CHAMARAJANAGAR
Maharashtra,JALNA
Haryana,FARIDABAD
Chhattisgarh,KANKER
Himachal Pradesh,KANGRA
West Bengal,HOWRAH
Haryana,JHAJJAR
Jammu and Kashmir,UDHAMPUR
Manipur,UKHRUL
Maharashtra,GONDIA
Chhattisgarh,GARIYABAND
Kerala,MALAPPURAM
Bihar,ARARIA
Arunachal Pradesh,WEST SIANG
Haryana,YAMUNANAGAR
Uttar Pradesh,GAUTAM BUDDHA NAGAR
Himachal Pradesh,KINNAUR
Maharashtra,BHANDARA
Uttar Pradesh,ETAH
Haryana,FATEHABAD
Punjab,MUKTSAR
Haryana,PALWAL
Odisha,NUAPADA
Uttar Pradesh,RAMPUR
Bihar,BUXAR
Punjab,PATHANKOT
Tamil Nadu,THE NILGIRIS
Tamil Nadu,NAMAKKAL
Bihar,GOPALGANJ
Chhattisgarh,DANTEWADA
Assam,KAMRUP METRO
Kerala,KOTTAYAM
Uttar Pradesh,AMBEDKAR NAGAR
Madhya Pradesh,SATNA
Odisha,SONEPUR
Madhya Pradesh,DATIA
Rajasthan,AJMER
Karnataka,BAGALKOT
Jharkhand,SIMDEGA
Maharashtra,SATARA
Gujarat,BANAS KANTHA
Uttarakhand,PITHORAGARH
Tamil Nadu,DHARMAPURI
Meghalaya,RI BHOI
Jammu and Kashmir,KISHTWAR
Karnataka,DHARWAD
Himachal Pradesh,HAMIRPUR
Jammu and Kashmir,BANDIPORA
Uttar Pradesh,GHAZIPUR
Tamil Nadu,TUTICORIN
Assam,DHUBRI
Haryana,MEWAT
Jharkhand,EAST SINGHBUM
Uttar Pradesh,KANPUR DEHAT
Madhya Pradesh,TIKAMGARH
Madhya Pradesh,SIDHI
Gujarat,DANG
Madhya Pradesh,NARSINGHPUR
Meghalaya,WEST GARO HILLS
Karnataka,RAMANAGARA
Assam,CACHAR
Madhya Pradesh,CHHATARPUR
Karnataka,BIJAPUR
Tamil Nadu,SALEM
Madhya Pradesh,SAGAR
Uttar Pradesh,VARANASI
Rajasthan,SAWAI MADHOPUR
Rajasthan,BANSWARA
Haryana,KARNAL
Rajasthan,HANUMANGARH
Assam,JORHAT
Gujarat,PANCH MAHALS
Odisha,GANJAM
Bihar,MUZAFFARPUR
Maharashtra,JALGAON
Madhya Pradesh,HOSHANGABAD
Arunachal Pradesh,DIBANG VALLEY
Uttar Pradesh,BUDAUN
Rajasthan,JHALAWAR
Uttar Pradesh,KUSHI NAGAR
Jharkhand,GUMLA
Jharkhand,GARHWA
Tamil Nadu,TIRUCHIRAPPALLI
Bihar,VAISHALI
Maharashtra,GADCHIROLI
Uttar Pradesh,AGRA
Uttarakhand,TEHRI GARHWAL
Uttar Pradesh,AMROHA
Uttar Pradesh,MAINPURI
Jammu and Kashmir,KATHUA
Arunachal Pradesh,KURUNG KUMEY
Assam,KARBI ANGLONG
Uttar Pradesh,MATHURA
Chhattisgarh,BILASPUR
Kerala,PATHANAMTHITTA
Uttarakhand,DEHRADUN
Punjab,FAZILKA
Nagaland,PHEK
Uttar Pradesh,BIJNOR
Rajasthan,BARMER
Uttar Pradesh,BAREILLY
Jharkhand,PALAMU
Chhattisgarh,BALODA BAZAR
West Bengal,MURSHIDABAD
Odisha,KANDHAMAL
Manipur,SENAPATI
Rajasthan,TONK
Punjab,NAWANSHAHR
Maharashtra,RAIGAD
Madhya Pradesh,SEHORE
Odisha,BOUDH
Uttar Pradesh,MEERUT
Karnataka,BELGAUM
Odisha,CUTTACK
Uttar Pradesh,ALLAHABAD
Gujarat,PATAN
Rajasthan,CHITTORGARH
Odisha,KORAPUT
ANDAMAN AND NICOBAR ISLANDS,NICOBARS
ANDAMAN AND NICOBAR ISLANDS,NORTH AND MIDDLE ANDAMAN
ANDAMAN AND NICOBAR ISLANDS,SOUTH ANDAMANS
ANDHRA PRADESH,SPSR NELLORE
ANDHRA PRADESH,VISAKHAPATANAM
ARUNACHAL PRADESH,ANJAW
ARUNACHAL PRADESH,CHANGLANG
ARUNACHAL PRADESH,DIBANG VALLEY
ARUNACHAL PRADESH,EAST KAMENG
ARUNACHAL PRADESH,EAST SIANG
ARUNACHAL PRADESH,KURUNG KUMEY
ARUNACHAL PRADESH,LOHIT
ARUNACHAL PRADESH,LONGDING
ARUNACHAL PRADESH,LOWER DIBANG VALLEY
ARUNACHAL PRADESH,LOWER SUBANSIRI
ARUNACHAL PRADESH,NAMSAI
ARUNACHAL PRADESH,PAPUM PARE
ARUNACHAL PRADESH,TAWANG
ARUNACHAL PRADESH,TIRAP
ARUNACHAL PRADESH,UPPER SIANG
ARUNACHAL PRADESH,UPPER SUBANSIRI
ARUNACHAL PRADESH,WEST KAMENG
ARUNACHAL PRADESH,WEST SIANG
ASSAM,BAKSA
ASSAM,CHIRANG
ASSAM,DIMA HASAO
ASSAM,KAMRUP METRO
ASSAM,SIVASAGAR
ASSAM,UDALGURI
BIHAR,KAIMUR (BHABUA)
BIHAR,PASHCHIM CHAMPARAN
BIHAR,PURBI CHAMPARAN
CHANDIGARH,CHANDIGARH
CHHATTISGARH,BALOD
CHHATTISGARH,BALODA BAZAR
CHHATTISGARH,BEMETARA
CHHATTISGARH,BIJAPUR
CHHATTISGARH,GARIYABAND
CHHATTISGARH,KABIRDHAM
CHHATTISGARH,KONDAGAON
CHHATTISGARH,KOREA
CHHATTISGARH,MUNGELI
CHHATTISGARH,NARAYANPUR
CHHATTISGARH,SUKMA
CHHATTISGARH,SURAJPUR
DADRA AND NAGAR HAVELI,DADRA AND NAGAR HAVELI
GOA,NORTH GOA
GOA,SOUTH GOA
GUJARAT,AHMADABAD
GUJARAT,BANAS KANTHA
GUJARAT,DANG
GUJARAT,DOHAD
GUJARAT,KACHCHH
GUJARAT,PANCH MAHALS
GUJARAT,SABAR KANTHA
HIMACHAL PRADESH,LAHUL AND SPITI
JAMMU AND KASHMIR,LEH LADAKH
JAMMU AND KASHMIR,POONCH
JHARKHAND,EAST SINGHBUM
JHARKHAND,HAZARIBAGH
JHARKHAND,SARAIKELA KHARSAWAN
KARNATAKA,BENGALURU URBAN
KARNATAKA,BIJAPUR
KARNATAKA,CHIKBALLAPUR
KARNATAKA,DAKSHIN KANNAD
KARNATAKA,DAVANGERE
KARNATAKA,UTTAR KANNAD
KARNATAKA,YADGIR
MADHYA PRADESH,SAGAR
MEGHALAYA,EAST JAINTIA HILLS
MEGHALAYA,NORTH GARO HILLS
MEGHALAYA,RI BHOI
MEGHALAYA,SOUTH WEST GARO HILLS
MEGHALAYA,SOUTH WEST KHASI HILLS
MEGHALAYA,WEST JAINTIA HILLS
NAGALAND,KIPHIRE
NAGALAND,LONGLENG
NAGALAND,PEREN
ODISHA,ANUGUL
ODISHA,BALESHWAR
ODISHA,JAGATSINGHAPUR
ODISHA,JAJAPUR
ODISHA,KENDUJHAR
PUDUCHERRY,KARAIKAL
PUDUCHERRY,MAHE
PUDUCHERRY,PONDICHERRY
PUDUCHERRY,YANAM
PUNJAB,FIROZEPUR
PUNJAB,S.A.S NAGAR
RAJASTHAN,GANGANAGAR
SIKKIM,EAST DISTRICT
SIKKIM,NORTH DISTRICT
SIKKIM,SOUTH DISTRICT
SIKKIM,WEST DISTRICT
TAMIL NADU,KANNIYAKUMARI
TAMIL NADU,THE NILGIRIS
TAMIL NADU,THIRUVALLUR
TAMIL NADU,THIRUVARUR
TAMIL NADU,TUTICORIN
TAMIL NADU,VILLUPURAM
TELANGANA,MAHBUBNAGAR
TELANGANA,RANGAREDDI
TELANGANA,WARANGAL
UTTAR PRADESH,KUSHI NAGAR
UTTAR PRADESH,RAE BARELI
UTTAR PRADESH,SANT KABEER NAGAR
UTTAR PRADESH,SANT RAVIDAS NAGAR
UTTAR PRADESH,SIDDHARTH NAGAR
UTTARAKHAND,RUDRA PRAYAG
UTTARAKHAND,UDAM SINGH NAGAR
UTTARAKHAND,UTTAR KASHI
WEST BENGAL,24 PARAGANAS NORTH
WEST BENGAL,24 PARAGANAS SOUTH
WEST BENGAL,BARDHAMAN
WEST BENGAL,COOCHBEHAR
WEST BENGAL,DINAJPUR DAKSHIN
WEST BENGAL,DINAJPUR UTTAR
WEST BENGAL,MALDAH
WEST BENGAL,MEDINIPUR EAST
WEST BENGAL,MEDINIPUR WEST
